﻿Designator,Footprint,Quantity,Value,LCSC Part #
B+,PinHeader_1x02_P2.54mm_Vertical,1,B-,
"D_0, D_1, D_10, D_11, D_12, D_13, D_14, D_15, D_16, D_17, D_18, D_19, D_2, D_20, D_21, D_22, D_23, D_24, D_25, D_26, D_27, D_28, D_29, D_3, D_30, D_31, D_32, D_33, D_4, D_5, D_6, D_7, D_8, D_9",Diode_DO-35,34,D,
"K_0, K_1, K_10, K_11, K_12, K_13, K_14, K_15, K_17, K_18, K_19, K_2, K_20, K_21, K_22, K_24, K_25, K_26, K_27, K_28, K_29, K_3, K_33, K_4, K_5, K_6, K_7, K_8",Choc_V1_1.00u,28,KEYSW,
"K_16, K_30, K_31, K_32",Choc_V1_1.50u,4,KEYSW,
K_23,Choc_V1_2.00u,1,KEYSW,
K_9,Choc_V1V2_1.50u,1,KEYSW,
SW1,Switch_MSK12C02,1,POWER,
SW2,Button_MJTP1250,1,RESET,
U1,nice_nano,1,nice_nano,
